HDR;EUR/USD;11.05.2014 21:52:00;12.05.2014 09:52:00;m1;1;0.00001
DAT;11.05.2014 21:52:00;1.375260;1.375260;1.375240;1.375240;1.375500;1.375510;1.375490;1.375490;12;12
DAT;11.05.2014 21:53:00;1.375240;1.375250;1.375240;1.375250;1.375490;1.375500;1.375490;1.375500;6;6
DAT;11.05.2014 21:54:00;1.375250;1.375320;1.375240;1.375320;1.375500;1.375570;1.375500;1.375570;43;43
DAT;11.05.2014 21:55:00;1.375320;1.375420;1.375320;1.375410;1.375570;1.375660;1.375570;1.375660;47;47
DAT;11.05.2014 21:56:00;1.375410;1.375430;1.375390;1.375400;1.375660;1.375690;1.375640;1.375650;21;21
DAT;11.05.2014 21:57:00;1.375400;1.375450;1.375400;1.375440;1.375650;1.375690;1.375640;1.375690;17;17
DAT;11.05.2014 21:58:00;1.375440;1.375440;1.375340;1.375350;1.375690;1.375690;1.375590;1.375600;32;32
DAT;11.05.2014 22:00:00;1.375350;1.375420;1.375340;1.375400;1.375600;1.375650;1.375590;1.375640;34;34
DAT;11.05.2014 22:01:00;1.375400;1.375500;1.375400;1.375460;1.375640;1.375740;1.375640;1.375710;59;59
DAT;11.05.2014 22:02:00;1.375460;1.375530;1.375460;1.375500;1.375710;1.375780;1.375710;1.375760;51;51
DAT;11.05.2014 22:03:00;1.375500;1.375530;1.375470;1.375490;1.375760;1.375760;1.375720;1.375730;27;27
DAT;11.05.2014 22:04:00;1.375490;1.375510;1.375450;1.375450;1.375730;1.375760;1.375690;1.375700;44;44
DAT;11.05.2014 22:05:00;1.375450;1.375490;1.375440;1.375490;1.375700;1.375740;1.375700;1.375730;13;13
DAT;11.05.2014 22:06:00;1.375490;1.375500;1.375460;1.375490;1.375730;1.375740;1.375690;1.375740;30;30
DAT;11.05.2014 22:07:00;1.375490;1.375510;1.375420;1.375490;1.375740;1.375750;1.375660;1.375730;35;35
DAT;11.05.2014 22:08:00;1.375490;1.375510;1.375480;1.375500;1.375730;1.375750;1.375730;1.375740;7;7
DAT;11.05.2014 22:09:00;1.375500;1.375530;1.375490;1.375520;1.375740;1.375770;1.375740;1.375770;9;9
DAT;11.05.2014 22:10:00;1.375520;1.375530;1.375510;1.375520;1.375770;1.375780;1.375760;1.375760;9;9
DAT;11.05.2014 22:11:00;1.375520;1.375540;1.375490;1.375540;1.375760;1.375780;1.375740;1.375780;13;13
DAT;11.05.2014 22:12:00;1.375540;1.375540;1.375340;1.375350;1.375780;1.375790;1.375580;1.375600;137;137
DAT;11.05.2014 22:13:00;1.375350;1.375380;1.375210;1.375270;1.375600;1.375620;1.375450;1.375520;47;47
DAT;11.05.2014 22:14:00;1.375270;1.375340;1.375260;1.375340;1.375520;1.375590;1.375520;1.375580;15;15
DAT;11.05.2014 22:15:00;1.375340;1.375390;1.375320;1.375370;1.375580;1.375620;1.375550;1.375590;41;41
DAT;11.05.2014 22:16:00;1.375370;1.375370;1.375300;1.375320;1.375590;1.375610;1.375530;1.375550;33;33
DAT;11.05.2014 22:17:00;1.375320;1.375400;1.375320;1.375380;1.375550;1.375630;1.375550;1.375620;42;42
DAT;11.05.2014 22:18:00;1.375380;1.375380;1.375370;1.375380;1.375620;1.375630;1.375620;1.375620;4;4
DAT;11.05.2014 22:19:00;1.375380;1.375400;1.375370;1.375400;1.375620;1.375640;1.375610;1.375630;10;10
DAT;11.05.2014 22:20:00;1.375400;1.375430;1.375390;1.375420;1.375630;1.375670;1.375630;1.375660;21;21
DAT;11.05.2014 22:21:00;1.375420;1.375420;1.375400;1.375400;1.375660;1.375660;1.375640;1.375640;8;8
DAT;11.05.2014 22:22:00;1.375400;1.375400;1.375310;1.375310;1.375640;1.375640;1.375540;1.375540;22;22
DAT;11.05.2014 22:23:00;1.375310;1.375350;1.375280;1.375310;1.375540;1.375590;1.375530;1.375550;32;32
DAT;11.05.2014 22:24:00;1.375310;1.375320;1.375300;1.375320;1.375550;1.375550;1.375540;1.375540;3;3
DAT;11.05.2014 22:25:00;1.375320;1.375340;1.375310;1.375320;1.375540;1.375580;1.375540;1.375560;9;9
DAT;11.05.2014 22:26:00;1.375320;1.375320;1.375290;1.375290;1.375560;1.375570;1.375530;1.375540;18;18
DAT;11.05.2014 22:27:00;1.375290;1.375300;1.375270;1.375290;1.375540;1.375540;1.375500;1.375540;16;16
DAT;11.05.2014 22:28:00;1.375290;1.375310;1.375280;1.375290;1.375540;1.375550;1.375540;1.375550;7;7
DAT;11.05.2014 22:29:00;1.375290;1.375310;1.375290;1.375290;1.375550;1.375560;1.375550;1.375550;6;6
DAT;11.05.2014 22:30:00;1.375290;1.375300;1.375290;1.375290;1.375550;1.375550;1.375540;1.375550;6;6
DAT;11.05.2014 22:31:00;1.375290;1.375350;1.375290;1.375340;1.375550;1.375590;1.375550;1.375580;14;14
DAT;11.05.2014 22:32:00;1.375340;1.375410;1.375340;1.375410;1.375580;1.375670;1.375580;1.375670;48;48
DAT;11.05.2014 22:33:00;1.375410;1.375510;1.375410;1.375500;1.375670;1.375760;1.375650;1.375760;38;38
DAT;11.05.2014 22:34:00;1.375500;1.375500;1.375440;1.375440;1.375760;1.375760;1.375690;1.375700;32;32
DAT;11.05.2014 22:35:00;1.375440;1.375510;1.375430;1.375500;1.375700;1.375740;1.375680;1.375730;29;29
DAT;11.05.2014 22:36:00;1.375500;1.375510;1.375480;1.375510;1.375730;1.375760;1.375730;1.375750;8;8
DAT;11.05.2014 22:37:00;1.375510;1.375540;1.375510;1.375510;1.375750;1.375760;1.375750;1.375760;4;4
DAT;11.05.2014 22:38:00;1.375510;1.375520;1.375450;1.375460;1.375760;1.375760;1.375700;1.375710;32;32
DAT;11.05.2014 22:39:00;1.375460;1.375490;1.375450;1.375460;1.375710;1.375730;1.375710;1.375710;12;12
DAT;11.05.2014 22:40:00;1.375460;1.375490;1.375460;1.375480;1.375710;1.375740;1.375710;1.375720;19;19
DAT;11.05.2014 22:41:00;1.375480;1.375490;1.375450;1.375450;1.375720;1.375720;1.375680;1.375690;40;40
DAT;11.05.2014 22:42:00;1.375450;1.375450;1.375370;1.375370;1.375690;1.375690;1.375610;1.375610;18;18
DAT;11.05.2014 22:43:00;1.375370;1.375390;1.375300;1.375350;1.375610;1.375630;1.375540;1.375590;38;38
DAT;11.05.2014 22:44:00;1.375350;1.375420;1.375350;1.375380;1.375590;1.375650;1.375590;1.375630;28;28
DAT;11.05.2014 22:45:00;1.375380;1.375380;1.375350;1.375350;1.375630;1.375630;1.375610;1.375610;5;5
DAT;11.05.2014 22:46:00;1.375350;1.375360;1.375300;1.375360;1.375610;1.375610;1.375540;1.375600;30;30
DAT;11.05.2014 22:47:00;1.375360;1.375360;1.375280;1.375300;1.375600;1.375600;1.375520;1.375540;36;36
DAT;11.05.2014 22:48:00;1.375300;1.375380;1.375270;1.375270;1.375540;1.375620;1.375510;1.375510;41;41
DAT;11.05.2014 22:49:00;1.375270;1.375300;1.375270;1.375300;1.375510;1.375540;1.375510;1.375540;13;13
DAT;11.05.2014 22:50:00;1.375300;1.375400;1.375270;1.375400;1.375540;1.375620;1.375520;1.375610;32;32
DAT;11.05.2014 22:51:00;1.375400;1.375400;1.375360;1.375380;1.375610;1.375640;1.375610;1.375630;17;17
DAT;11.05.2014 22:52:00;1.375380;1.375380;1.375330;1.375370;1.375630;1.375630;1.375580;1.375620;19;19
DAT;11.05.2014 22:53:00;1.375370;1.375380;1.375370;1.375380;1.375620;1.375620;1.375620;1.375620;1;1
DAT;11.05.2014 22:54:00;1.375380;1.375380;1.375360;1.375370;1.375620;1.375630;1.375610;1.375610;12;12
DAT;11.05.2014 22:55:00;1.375370;1.375390;1.375360;1.375390;1.375610;1.375630;1.375610;1.375630;10;10
DAT;11.05.2014 22:56:00;1.375390;1.375390;1.375370;1.375370;1.375630;1.375630;1.375610;1.375620;5;5
DAT;11.05.2014 22:57:00;1.375370;1.375480;1.375370;1.375450;1.375620;1.375720;1.375610;1.375700;35;35
DAT;11.05.2014 22:58:00;1.375450;1.375500;1.375450;1.375500;1.375700;1.375740;1.375700;1.375740;9;9
DAT;11.05.2014 22:59:00;1.375500;1.375580;1.375430;1.375430;1.375740;1.375810;1.375690;1.375690;50;50
DAT;11.05.2014 23:00:00;1.375430;1.375460;1.375420;1.375430;1.375690;1.375710;1.375670;1.375690;28;28
DAT;11.05.2014 23:01:00;1.375430;1.375440;1.375430;1.375430;1.375690;1.375690;1.375680;1.375680;5;5
DAT;11.05.2014 23:02:00;1.375430;1.375440;1.375420;1.375420;1.375680;1.375680;1.375670;1.375670;10;10
DAT;11.05.2014 23:03:00;1.375420;1.375450;1.375420;1.375440;1.375670;1.375670;1.375670;1.375670;2;2
DAT;11.05.2014 23:04:00;1.375440;1.375440;1.375410;1.375420;1.375670;1.375670;1.375670;1.375670;9;9
DAT;11.05.2014 23:05:00;1.375420;1.375500;1.375410;1.375490;1.375670;1.375740;1.375670;1.375740;23;23
DAT;11.05.2014 23:06:00;1.375490;1.375550;1.375490;1.375550;1.375740;1.375790;1.375740;1.375790;34;34
DAT;11.05.2014 23:07:00;1.375550;1.375550;1.375520;1.375520;1.375790;1.375790;1.375760;1.375770;8;8
DAT;11.05.2014 23:08:00;1.375520;1.375540;1.375470;1.375520;1.375770;1.375790;1.375710;1.375770;61;61
DAT;11.05.2014 23:09:00;1.375520;1.375520;1.375500;1.375520;1.375770;1.375770;1.375730;1.375760;14;14
DAT;11.05.2014 23:10:00;1.375520;1.375600;1.375520;1.375540;1.375760;1.375830;1.375760;1.375780;45;45
DAT;11.05.2014 23:11:00;1.375540;1.375560;1.375540;1.375550;1.375780;1.375800;1.375780;1.375780;9;9
DAT;11.05.2014 23:12:00;1.375550;1.375580;1.375540;1.375540;1.375780;1.375830;1.375780;1.375790;12;12
DAT;11.05.2014 23:13:00;1.375540;1.375560;1.375510;1.375510;1.375790;1.375800;1.375760;1.375760;15;15
DAT;11.05.2014 23:14:00;1.375510;1.375510;1.375470;1.375490;1.375760;1.375760;1.375720;1.375740;14;14
DAT;11.05.2014 23:15:00;1.375490;1.375690;1.375490;1.375610;1.375740;1.375930;1.375740;1.375820;80;80
DAT;11.05.2014 23:16:00;1.375610;1.375770;1.375580;1.375690;1.375820;1.375990;1.375820;1.375920;122;122
DAT;11.05.2014 23:17:00;1.375690;1.375700;1.375690;1.375690;1.375920;1.375940;1.375920;1.375940;11;11
DAT;11.05.2014 23:18:00;1.375690;1.375700;1.375620;1.375670;1.375940;1.375940;1.375850;1.375930;30;30
DAT;11.05.2014 23:19:00;1.375670;1.375700;1.375670;1.375700;1.375930;1.375940;1.375930;1.375940;8;8
DAT;11.05.2014 23:20:00;1.375700;1.375700;1.375680;1.375680;1.375940;1.375940;1.375930;1.375930;3;3
DAT;11.05.2014 23:21:00;1.375680;1.375720;1.375670;1.375720;1.375930;1.375940;1.375920;1.375940;10;10
DAT;11.05.2014 23:22:00;1.375720;1.375850;1.375720;1.375840;1.375940;1.376100;1.375940;1.376100;43;43
DAT;11.05.2014 23:23:00;1.375840;1.375840;1.375690;1.375710;1.376100;1.376100;1.375940;1.375950;38;38
DAT;11.05.2014 23:24:00;1.375710;1.375710;1.375670;1.375700;1.375950;1.375950;1.375920;1.375930;19;19
DAT;11.05.2014 23:25:00;1.375700;1.375770;1.375680;1.375750;1.375930;1.376000;1.375920;1.376000;41;41
DAT;11.05.2014 23:26:00;1.375750;1.375760;1.375740;1.375750;1.376000;1.376000;1.375990;1.375990;24;24
DAT;11.05.2014 23:27:00;1.375750;1.375760;1.375740;1.375760;1.375990;1.376000;1.375990;1.376000;16;16
DAT;11.05.2014 23:28:00;1.375760;1.375760;1.375750;1.375750;1.376000;1.376010;1.376000;1.376000;7;7
DAT;11.05.2014 23:29:00;1.375750;1.375760;1.375750;1.375750;1.376000;1.376010;1.376000;1.376000;4;4
DAT;11.05.2014 23:30:00;1.375750;1.375750;1.375700;1.375710;1.376000;1.376000;1.375950;1.375950;34;34
DAT;11.05.2014 23:31:00;1.375710;1.375710;1.375660;1.375690;1.375950;1.375950;1.375910;1.375940;60;60
DAT;11.05.2014 23:32:00;1.375690;1.375700;1.375570;1.375630;1.375940;1.375940;1.375810;1.375870;47;47
DAT;11.05.2014 23:33:00;1.375630;1.375630;1.375610;1.375610;1.375870;1.375880;1.375850;1.375850;11;11
DAT;11.05.2014 23:34:00;1.375610;1.375620;1.375590;1.375620;1.375850;1.375850;1.375820;1.375840;11;11
DAT;11.05.2014 23:35:00;1.375620;1.375620;1.375600;1.375610;1.375840;1.375850;1.375840;1.375850;5;5
DAT;11.05.2014 23:36:00;1.375610;1.375650;1.375600;1.375650;1.375850;1.375890;1.375850;1.375890;8;8
DAT;11.05.2014 23:37:00;1.375650;1.375700;1.375650;1.375680;1.375890;1.375950;1.375890;1.375930;77;77
DAT;11.05.2014 23:38:00;1.375680;1.375700;1.375670;1.375670;1.375930;1.375950;1.375910;1.375920;26;26
DAT;11.05.2014 23:39:00;1.375670;1.375700;1.375670;1.375670;1.375920;1.375930;1.375910;1.375920;28;28
DAT;11.05.2014 23:40:00;1.375670;1.375690;1.375650;1.375680;1.375920;1.375930;1.375900;1.375900;38;38
DAT;11.05.2014 23:41:00;1.375680;1.375690;1.375660;1.375660;1.375900;1.375930;1.375900;1.375900;28;28
DAT;11.05.2014 23:42:00;1.375660;1.375660;1.375620;1.375650;1.375900;1.375910;1.375870;1.375890;21;21
DAT;11.05.2014 23:43:00;1.375650;1.375710;1.375630;1.375640;1.375890;1.375970;1.375860;1.375890;54;54
DAT;11.05.2014 23:44:00;1.375640;1.375700;1.375620;1.375690;1.375890;1.375930;1.375860;1.375930;53;53
DAT;11.05.2014 23:45:00;1.375690;1.375690;1.375660;1.375660;1.375930;1.375930;1.375910;1.375910;9;9
DAT;11.05.2014 23:46:00;1.375660;1.375690;1.375660;1.375690;1.375910;1.375930;1.375910;1.375930;5;5
DAT;11.05.2014 23:47:00;1.375690;1.375750;1.375690;1.375750;1.375930;1.376000;1.375930;1.376000;17;17
DAT;11.05.2014 23:48:00;1.375750;1.375830;1.375750;1.375820;1.376000;1.376090;1.376000;1.376060;48;48
DAT;11.05.2014 23:49:00;1.375820;1.375840;1.375820;1.375820;1.376060;1.376070;1.376060;1.376070;13;13
DAT;11.05.2014 23:50:00;1.375820;1.375890;1.375820;1.375880;1.376070;1.376130;1.376060;1.376120;19;19
DAT;11.05.2014 23:51:00;1.375880;1.375910;1.375850;1.375850;1.376120;1.376140;1.376080;1.376100;75;75
DAT;11.05.2014 23:52:00;1.375850;1.375850;1.375760;1.375820;1.376100;1.376100;1.375990;1.376070;63;63
DAT;11.05.2014 23:53:00;1.375820;1.375820;1.375710;1.375710;1.376070;1.376070;1.375950;1.375960;47;47
DAT;11.05.2014 23:54:00;1.375710;1.375710;1.375630;1.375650;1.375960;1.375960;1.375870;1.375890;36;36
DAT;11.05.2014 23:55:00;1.375650;1.375700;1.375600;1.375660;1.375890;1.375940;1.375840;1.375900;53;53
DAT;11.05.2014 23:56:00;1.375660;1.375700;1.375660;1.375700;1.375900;1.375950;1.375900;1.375930;24;24
DAT;11.05.2014 23:57:00;1.375700;1.375710;1.375700;1.375710;1.375930;1.375960;1.375930;1.375960;5;5
DAT;11.05.2014 23:58:00;1.375710;1.375710;1.375650;1.375660;1.375960;1.375960;1.375890;1.375900;15;15
DAT;11.05.2014 23:59:00;1.375660;1.375690;1.375660;1.375680;1.375900;1.375930;1.375900;1.375920;9;9
DAT;12.05.2014 00:00:00;1.375680;1.375680;1.375650;1.375650;1.375920;1.375930;1.375900;1.375900;10;10
DAT;12.05.2014 00:01:00;1.375650;1.375720;1.375600;1.375720;1.375900;1.375950;1.375840;1.375950;30;30
DAT;12.05.2014 00:02:00;1.375720;1.375740;1.375720;1.375740;1.375950;1.375970;1.375950;1.375970;4;4
DAT;12.05.2014 00:03:00;1.375740;1.375740;1.375720;1.375720;1.375970;1.375970;1.375950;1.375960;9;9
DAT;12.05.2014 00:04:00;1.375720;1.375720;1.375710;1.375710;1.375960;1.375960;1.375950;1.375950;4;4
DAT;12.05.2014 00:05:00;1.375710;1.375770;1.375710;1.375770;1.375950;1.376020;1.375950;1.375990;20;20
DAT;12.05.2014 00:06:00;1.375770;1.375810;1.375760;1.375770;1.375990;1.376050;1.375990;1.376020;31;31
DAT;12.05.2014 00:07:00;1.375770;1.375810;1.375770;1.375800;1.376020;1.376060;1.376010;1.376040;15;15
DAT;12.05.2014 00:08:00;1.375800;1.375820;1.375790;1.375820;1.376040;1.376050;1.376040;1.376050;10;10
DAT;12.05.2014 00:09:00;1.375820;1.375820;1.375770;1.375770;1.376050;1.376050;1.376000;1.376010;7;7
DAT;12.05.2014 00:10:00;1.375770;1.375770;1.375770;1.375770;1.376010;1.376020;1.376010;1.376020;1;1
DAT;12.05.2014 00:11:00;1.375770;1.375950;1.375770;1.375920;1.376020;1.376200;1.376020;1.376160;136;136
DAT;12.05.2014 00:12:00;1.375920;1.376020;1.375900;1.376020;1.376160;1.376270;1.376140;1.376260;135;135
DAT;12.05.2014 00:13:00;1.376020;1.376090;1.376010;1.376030;1.376260;1.376310;1.376260;1.376260;80;80
DAT;12.05.2014 00:14:00;1.376030;1.376030;1.376000;1.376000;1.376260;1.376270;1.376220;1.376220;10;10
DAT;12.05.2014 00:15:00;1.376000;1.376000;1.375790;1.375790;1.376220;1.376230;1.376020;1.376040;61;61
DAT;12.05.2014 00:16:00;1.375790;1.375790;1.375750;1.375750;1.376040;1.376040;1.375990;1.375990;23;23
DAT;12.05.2014 00:17:00;1.375750;1.375760;1.375680;1.375700;1.375990;1.376010;1.375930;1.375960;39;39
DAT;12.05.2014 00:18:00;1.375700;1.375780;1.375690;1.375780;1.375960;1.376030;1.375940;1.376030;24;24
DAT;12.05.2014 00:19:00;1.375780;1.375800;1.375720;1.375720;1.376030;1.376030;1.375960;1.375960;39;39
DAT;12.05.2014 00:20:00;1.375720;1.375720;1.375700;1.375700;1.375960;1.375960;1.375940;1.375940;8;8
DAT;12.05.2014 00:21:00;1.375700;1.375700;1.375660;1.375700;1.375940;1.375950;1.375900;1.375950;47;47
DAT;12.05.2014 00:22:00;1.375700;1.375710;1.375690;1.375710;1.375950;1.375950;1.375930;1.375950;6;6
DAT;12.05.2014 00:23:00;1.375710;1.375710;1.375690;1.375690;1.375950;1.375950;1.375930;1.375930;4;4
DAT;12.05.2014 00:24:00;1.375690;1.375750;1.375690;1.375740;1.375930;1.375980;1.375930;1.375980;11;11
DAT;12.05.2014 00:25:00;1.375740;1.375780;1.375740;1.375740;1.375980;1.376010;1.375970;1.375990;28;28
DAT;12.05.2014 00:26:00;1.375740;1.375890;1.375740;1.375880;1.375990;1.376140;1.375970;1.376120;99;99
DAT;12.05.2014 00:27:00;1.375880;1.375890;1.375870;1.375890;1.376120;1.376130;1.376100;1.376120;18;18
DAT;12.05.2014 00:28:00;1.375890;1.375910;1.375880;1.375890;1.376120;1.376160;1.376110;1.376140;33;33
DAT;12.05.2014 00:29:00;1.375890;1.375900;1.375860;1.375860;1.376140;1.376140;1.376100;1.376100;16;16
DAT;12.05.2014 00:30:00;1.375860;1.375860;1.375840;1.375840;1.376100;1.376110;1.376080;1.376080;7;7
DAT;12.05.2014 00:31:00;1.375840;1.375890;1.375840;1.375880;1.376080;1.376140;1.376080;1.376140;12;12
DAT;12.05.2014 00:32:00;1.375880;1.375880;1.375850;1.375850;1.376140;1.376140;1.376100;1.376100;22;22
DAT;12.05.2014 00:34:00;1.375850;1.375850;1.375810;1.375810;1.376100;1.376100;1.376060;1.376060;7;7
DAT;12.05.2014 00:35:00;1.375810;1.375810;1.375800;1.375810;1.376060;1.376070;1.376060;1.376060;6;6
DAT;12.05.2014 00:36:00;1.375810;1.375810;1.375770;1.375800;1.376060;1.376060;1.376020;1.376050;16;16
DAT;12.05.2014 00:37:00;1.375800;1.375850;1.375790;1.375850;1.376050;1.376090;1.376040;1.376090;12;12
DAT;12.05.2014 00:38:00;1.375850;1.375950;1.375850;1.375910;1.376090;1.376200;1.376090;1.376170;43;43
DAT;12.05.2014 00:39:00;1.375910;1.376010;1.375880;1.376010;1.376170;1.376270;1.376120;1.376270;44;44
DAT;12.05.2014 00:40:00;1.376010;1.376080;1.375970;1.376000;1.376270;1.376290;1.376230;1.376250;50;50
DAT;12.05.2014 00:41:00;1.376000;1.376030;1.375940;1.375940;1.376250;1.376260;1.376170;1.376190;52;52
DAT;12.05.2014 00:42:00;1.375940;1.376000;1.375940;1.375990;1.376190;1.376250;1.376190;1.376240;36;36
DAT;12.05.2014 00:43:00;1.375990;1.376010;1.375980;1.376010;1.376240;1.376250;1.376210;1.376250;29;29
DAT;12.05.2014 00:44:00;1.376010;1.376020;1.375950;1.375970;1.376250;1.376270;1.376180;1.376210;34;34
DAT;12.05.2014 00:45:00;1.375970;1.376010;1.375960;1.376010;1.376210;1.376270;1.376210;1.376270;28;28
DAT;12.05.2014 00:46:00;1.376010;1.376030;1.376000;1.376020;1.376270;1.376280;1.376250;1.376280;24;24
DAT;12.05.2014 00:47:00;1.376020;1.376020;1.376020;1.376020;1.376280;1.376280;1.376270;1.376280;6;6
DAT;12.05.2014 00:48:00;1.376020;1.376100;1.376020;1.376090;1.376280;1.376350;1.376280;1.376350;32;32
DAT;12.05.2014 00:49:00;1.376090;1.376110;1.376050;1.376100;1.376350;1.376350;1.376300;1.376350;37;37
DAT;12.05.2014 00:50:00;1.376100;1.376240;1.376100;1.376220;1.376350;1.376480;1.376320;1.376460;105;105
DAT;12.05.2014 00:51:00;1.376220;1.376250;1.376200;1.376220;1.376460;1.376480;1.376410;1.376470;50;50
DAT;12.05.2014 00:52:00;1.376220;1.376240;1.376190;1.376190;1.376470;1.376480;1.376440;1.376440;27;27
DAT;12.05.2014 00:53:00;1.376190;1.376200;1.376130;1.376150;1.376440;1.376460;1.376380;1.376390;30;30
DAT;12.05.2014 00:54:00;1.376150;1.376150;1.376150;1.376150;1.376390;1.376410;1.376390;1.376400;7;7
DAT;12.05.2014 00:55:00;1.376150;1.376150;1.376140;1.376140;1.376400;1.376400;1.376380;1.376390;6;6
DAT;12.05.2014 00:56:00;1.376140;1.376140;1.376130;1.376130;1.376390;1.376390;1.376380;1.376380;4;4
DAT;12.05.2014 00:57:00;1.376130;1.376210;1.376130;1.376210;1.376380;1.376460;1.376380;1.376450;30;30
DAT;12.05.2014 00:58:00;1.376210;1.376210;1.376180;1.376210;1.376450;1.376470;1.376410;1.376440;56;56
DAT;12.05.2014 00:59:00;1.376210;1.376220;1.376200;1.376200;1.376440;1.376460;1.376440;1.376450;9;9
DAT;12.05.2014 01:00:00;1.376200;1.376240;1.376180;1.376230;1.376450;1.376480;1.376420;1.376480;22;22
DAT;12.05.2014 01:01:00;1.376230;1.376240;1.376230;1.376240;1.376480;1.376490;1.376480;1.376490;4;4
DAT;12.05.2014 01:02:00;1.376240;1.376270;1.376230;1.376230;1.376490;1.376510;1.376470;1.376470;14;14
DAT;12.05.2014 01:03:00;1.376230;1.376250;1.376210;1.376240;1.376470;1.376490;1.376450;1.376490;38;38
DAT;12.05.2014 01:04:00;1.376240;1.376330;1.376240;1.376330;1.376490;1.376570;1.376490;1.376570;51;51
DAT;12.05.2014 01:05:00;1.376330;1.376440;1.376310;1.376430;1.376570;1.376690;1.376520;1.376660;152;152
DAT;12.05.2014 01:06:00;1.376430;1.376440;1.376360;1.376370;1.376660;1.376680;1.376600;1.376600;45;45
DAT;12.05.2014 01:07:00;1.376370;1.376410;1.376360;1.376360;1.376600;1.376660;1.376600;1.376600;47;47
DAT;12.05.2014 01:08:00;1.376360;1.376400;1.376360;1.376360;1.376600;1.376640;1.376590;1.376590;32;32
DAT;12.05.2014 01:09:00;1.376360;1.376370;1.376360;1.376360;1.376590;1.376620;1.376590;1.376610;27;27
DAT;12.05.2014 01:10:00;1.376360;1.376400;1.376350;1.376360;1.376610;1.376620;1.376590;1.376610;38;38
DAT;12.05.2014 01:11:00;1.376360;1.376410;1.376340;1.376340;1.376610;1.376650;1.376580;1.376600;50;50
DAT;12.05.2014 01:12:00;1.376340;1.376400;1.376310;1.376370;1.376600;1.376640;1.376560;1.376600;78;78
DAT;12.05.2014 01:13:00;1.376370;1.376370;1.376350;1.376370;1.376600;1.376610;1.376580;1.376580;28;28
DAT;12.05.2014 01:14:00;1.376370;1.376380;1.376360;1.376380;1.376580;1.376630;1.376580;1.376610;49;49
DAT;12.05.2014 01:15:00;1.376380;1.376380;1.376350;1.376370;1.376610;1.376620;1.376580;1.376610;64;64
DAT;12.05.2014 01:16:00;1.376370;1.376390;1.376330;1.376340;1.376610;1.376620;1.376580;1.376590;35;35
DAT;12.05.2014 01:17:00;1.376340;1.376340;1.376340;1.376340;1.376590;1.376590;1.376580;1.376580;1;1
DAT;12.05.2014 01:18:00;1.376340;1.376340;1.376320;1.376320;1.376580;1.376580;1.376570;1.376580;4;4
DAT;12.05.2014 01:19:00;1.376320;1.376320;1.376300;1.376310;1.376580;1.376580;1.376550;1.376550;14;14
DAT;12.05.2014 01:20:00;1.376310;1.376310;1.376220;1.376230;1.376550;1.376550;1.376470;1.376480;43;43
DAT;12.05.2014 01:21:00;1.376230;1.376310;1.376230;1.376300;1.376480;1.376550;1.376480;1.376550;22;22
DAT;12.05.2014 01:22:00;1.376300;1.376300;1.376260;1.376260;1.376550;1.376550;1.376500;1.376500;9;9
DAT;12.05.2014 01:23:00;1.376260;1.376260;1.376190;1.376220;1.376500;1.376500;1.376420;1.376470;48;48
DAT;12.05.2014 01:24:00;1.376220;1.376260;1.376210;1.376250;1.376470;1.376500;1.376460;1.376500;13;13
DAT;12.05.2014 01:25:00;1.376250;1.376260;1.376250;1.376250;1.376500;1.376500;1.376490;1.376490;3;3
DAT;12.05.2014 01:26:00;1.376250;1.376250;1.376220;1.376240;1.376490;1.376490;1.376460;1.376480;18;18
DAT;12.05.2014 01:27:00;1.376240;1.376250;1.376230;1.376250;1.376480;1.376490;1.376470;1.376480;6;6
DAT;12.05.2014 01:28:00;1.376250;1.376350;1.376250;1.376350;1.376480;1.376590;1.376480;1.376580;121;121
DAT;12.05.2014 01:29:00;1.376350;1.376360;1.376240;1.376260;1.376580;1.376600;1.376490;1.376490;70;70
DAT;12.05.2014 01:30:00;1.376260;1.376260;1.376210;1.376220;1.376490;1.376500;1.376470;1.376470;16;16
DAT;12.05.2014 01:31:00;1.376220;1.376220;1.376200;1.376200;1.376470;1.376470;1.376460;1.376460;7;7
DAT;12.05.2014 01:32:00;1.376200;1.376260;1.376200;1.376220;1.376460;1.376460;1.376450;1.376460;9;9
DAT;12.05.2014 01:33:00;1.376220;1.376260;1.376130;1.376130;1.376460;1.376490;1.376350;1.376380;36;36
DAT;12.05.2014 01:34:00;1.376130;1.376190;1.376120;1.376130;1.376380;1.376440;1.376350;1.376370;54;54
DAT;12.05.2014 01:35:00;1.376130;1.376130;1.376120;1.376120;1.376370;1.376380;1.376360;1.376360;7;7
DAT;12.05.2014 01:36:00;1.376120;1.376130;1.376100;1.376130;1.376360;1.376380;1.376330;1.376380;26;26
DAT;12.05.2014 01:37:00;1.376130;1.376210;1.376130;1.376210;1.376380;1.376450;1.376380;1.376450;22;22
DAT;12.05.2014 01:38:00;1.376210;1.376210;1.376180;1.376200;1.376450;1.376460;1.376430;1.376440;18;18
DAT;12.05.2014 01:39:00;1.376200;1.376200;1.376180;1.376180;1.376440;1.376440;1.376420;1.376420;3;3
DAT;12.05.2014 01:40:00;1.376180;1.376210;1.376180;1.376210;1.376420;1.376470;1.376420;1.376470;7;7
DAT;12.05.2014 01:41:00;1.376210;1.376220;1.376200;1.376210;1.376470;1.376480;1.376440;1.376460;10;10
DAT;12.05.2014 01:42:00;1.376210;1.376260;1.376200;1.376250;1.376460;1.376500;1.376460;1.376500;13;13
DAT;12.05.2014 01:43:00;1.376250;1.376300;1.376250;1.376290;1.376500;1.376550;1.376500;1.376540;30;30
DAT;12.05.2014 01:44:00;1.376290;1.376290;1.376280;1.376280;1.376540;1.376540;1.376490;1.376490;13;13
DAT;12.05.2014 01:45:00;1.376280;1.376320;1.376260;1.376320;1.376490;1.376550;1.376490;1.376550;23;23
DAT;12.05.2014 01:46:00;1.376320;1.376320;1.376300;1.376310;1.376550;1.376570;1.376530;1.376550;12;12
DAT;12.05.2014 01:47:00;1.376310;1.376330;1.376300;1.376300;1.376550;1.376580;1.376520;1.376540;37;37
DAT;12.05.2014 01:48:00;1.376300;1.376340;1.376290;1.376340;1.376540;1.376570;1.376530;1.376570;23;23
DAT;12.05.2014 01:49:00;1.376340;1.376360;1.376340;1.376340;1.376570;1.376600;1.376570;1.376590;11;11
DAT;12.05.2014 01:50:00;1.376340;1.376350;1.376340;1.376350;1.376590;1.376600;1.376580;1.376580;5;5
DAT;12.05.2014 01:51:00;1.376350;1.376480;1.376330;1.376380;1.376580;1.376710;1.376550;1.376590;65;65
DAT;12.05.2014 01:52:00;1.376380;1.376380;1.376370;1.376370;1.376590;1.376620;1.376590;1.376610;32;32
DAT;12.05.2014 01:53:00;1.376370;1.376380;1.376360;1.376360;1.376610;1.376620;1.376600;1.376600;12;12
DAT;12.05.2014 01:54:00;1.376360;1.376380;1.376360;1.376370;1.376600;1.376610;1.376590;1.376590;15;15
DAT;12.05.2014 01:55:00;1.376370;1.376370;1.376350;1.376350;1.376590;1.376610;1.376590;1.376600;9;9
DAT;12.05.2014 01:56:00;1.376350;1.376380;1.376350;1.376370;1.376600;1.376620;1.376600;1.376600;17;17
DAT;12.05.2014 01:57:00;1.376370;1.376370;1.376360;1.376360;1.376600;1.376600;1.376590;1.376600;3;3
DAT;12.05.2014 01:58:00;1.376360;1.376360;1.376340;1.376350;1.376600;1.376600;1.376600;1.376600;10;10
DAT;12.05.2014 01:59:00;1.376350;1.376360;1.376240;1.376240;1.376600;1.376600;1.376480;1.376480;75;75
DAT;12.05.2014 02:00:00;1.376240;1.376250;1.376020;1.376150;1.376480;1.376480;1.376270;1.376380;93;93
DAT;12.05.2014 02:01:00;1.376150;1.376170;1.376060;1.376160;1.376380;1.376410;1.376300;1.376380;67;67
DAT;12.05.2014 02:02:00;1.376160;1.376160;1.376130;1.376140;1.376380;1.376410;1.376370;1.376390;65;65
DAT;12.05.2014 02:03:00;1.376140;1.376220;1.376140;1.376220;1.376390;1.376460;1.376380;1.376460;57;57
DAT;12.05.2014 02:04:00;1.376220;1.376260;1.376220;1.376260;1.376460;1.376510;1.376460;1.376500;30;30
DAT;12.05.2014 02:05:00;1.376260;1.376270;1.376250;1.376260;1.376500;1.376500;1.376480;1.376490;14;14
DAT;12.05.2014 02:06:00;1.376260;1.376270;1.376220;1.376260;1.376490;1.376500;1.376470;1.376500;22;22
DAT;12.05.2014 02:07:00;1.376260;1.376300;1.376200;1.376240;1.376500;1.376540;1.376410;1.376490;92;92
DAT;12.05.2014 02:08:00;1.376240;1.376300;1.376240;1.376240;1.376490;1.376540;1.376470;1.376490;36;36
DAT;12.05.2014 02:09:00;1.376240;1.376310;1.376240;1.376290;1.376490;1.376540;1.376490;1.376530;81;81
DAT;12.05.2014 02:10:00;1.376290;1.376340;1.376250;1.376270;1.376530;1.376600;1.376490;1.376500;71;71
DAT;12.05.2014 02:11:00;1.376270;1.376340;1.376260;1.376340;1.376500;1.376580;1.376470;1.376570;27;27
DAT;12.05.2014 02:12:00;1.376340;1.376460;1.376320;1.376460;1.376570;1.376700;1.376570;1.376700;56;56
DAT;12.05.2014 02:13:00;1.376460;1.376490;1.376430;1.376450;1.376700;1.376720;1.376660;1.376690;42;42
DAT;12.05.2014 02:14:00;1.376450;1.376500;1.376450;1.376500;1.376690;1.376750;1.376690;1.376740;33;33
DAT;12.05.2014 02:15:00;1.376500;1.376550;1.376440;1.376460;1.376740;1.376800;1.376700;1.376700;116;116
DAT;12.05.2014 02:16:00;1.376460;1.376480;1.376410;1.376460;1.376700;1.376710;1.376660;1.376690;51;51
DAT;12.05.2014 02:17:00;1.376460;1.376460;1.376430;1.376430;1.376690;1.376710;1.376660;1.376680;28;28
DAT;12.05.2014 02:18:00;1.376430;1.376470;1.376430;1.376440;1.376680;1.376700;1.376660;1.376670;25;25
DAT;12.05.2014 02:19:00;1.376440;1.376560;1.376440;1.376540;1.376670;1.376790;1.376670;1.376790;40;40
DAT;12.05.2014 02:20:00;1.376540;1.376560;1.376530;1.376540;1.376790;1.376790;1.376770;1.376770;43;43
DAT;12.05.2014 02:21:00;1.376540;1.376680;1.376540;1.376670;1.376770;1.376920;1.376770;1.376900;150;150
DAT;12.05.2014 02:22:00;1.376670;1.376680;1.376630;1.376630;1.376900;1.376920;1.376830;1.376850;94;94
DAT;12.05.2014 02:23:00;1.376630;1.376640;1.376530;1.376590;1.376850;1.376890;1.376760;1.376820;103;103
DAT;12.05.2014 02:24:00;1.376590;1.376610;1.376530;1.376550;1.376820;1.376840;1.376750;1.376770;138;138
DAT;12.05.2014 02:25:00;1.376550;1.376560;1.376410;1.376440;1.376770;1.376810;1.376640;1.376650;121;121
DAT;12.05.2014 02:26:00;1.376440;1.376610;1.376410;1.376600;1.376650;1.376850;1.376630;1.376850;153;153
DAT;12.05.2014 02:27:00;1.376600;1.376670;1.376520;1.376560;1.376850;1.376900;1.376760;1.376810;99;99
DAT;12.05.2014 02:28:00;1.376560;1.376580;1.376540;1.376570;1.376810;1.376830;1.376760;1.376810;65;65
DAT;12.05.2014 02:29:00;1.376570;1.376610;1.376570;1.376600;1.376810;1.376840;1.376810;1.376840;19;19
DAT;12.05.2014 02:30:00;1.376600;1.376610;1.376510;1.376510;1.376840;1.376840;1.376740;1.376750;36;36
DAT;12.05.2014 02:31:00;1.376510;1.376530;1.376480;1.376480;1.376750;1.376770;1.376690;1.376710;67;67
DAT;12.05.2014 02:32:00;1.376480;1.376670;1.376480;1.376660;1.376710;1.376890;1.376700;1.376880;106;106
DAT;12.05.2014 02:33:00;1.376660;1.376670;1.376570;1.376600;1.376880;1.376900;1.376800;1.376830;66;66
DAT;12.05.2014 02:34:00;1.376600;1.376610;1.376560;1.376590;1.376830;1.376840;1.376800;1.376840;119;119
DAT;12.05.2014 02:35:00;1.376590;1.376620;1.376430;1.376510;1.376840;1.376850;1.376680;1.376740;186;186
DAT;12.05.2014 02:36:00;1.376510;1.376510;1.376250;1.376410;1.376740;1.376750;1.376480;1.376640;216;216
DAT;12.05.2014 02:37:00;1.376410;1.376620;1.376410;1.376620;1.376640;1.376850;1.376640;1.376850;142;142
DAT;12.05.2014 02:38:00;1.376620;1.376730;1.376550;1.376700;1.376850;1.376940;1.376790;1.376920;121;121
DAT;12.05.2014 02:39:00;1.376700;1.376730;1.376670;1.376680;1.376920;1.376960;1.376880;1.376890;124;124
DAT;12.05.2014 02:40:00;1.376680;1.376710;1.376680;1.376690;1.376890;1.376960;1.376890;1.376940;73;73
DAT;12.05.2014 02:41:00;1.376690;1.376710;1.376630;1.376650;1.376940;1.376940;1.376870;1.376890;56;56
DAT;12.05.2014 02:42:00;1.376650;1.376660;1.376540;1.376600;1.376890;1.376900;1.376780;1.376840;61;61
DAT;12.05.2014 02:43:00;1.376600;1.376640;1.376580;1.376640;1.376840;1.376870;1.376810;1.376870;32;32
DAT;12.05.2014 02:44:00;1.376640;1.376640;1.376620;1.376640;1.376870;1.376870;1.376850;1.376860;28;28
DAT;12.05.2014 02:45:00;1.376640;1.376720;1.376630;1.376690;1.376860;1.376960;1.376860;1.376940;51;51
DAT;12.05.2014 02:46:00;1.376690;1.376700;1.376630;1.376690;1.376940;1.376940;1.376880;1.376930;43;43
DAT;12.05.2014 02:47:00;1.376690;1.376700;1.376640;1.376680;1.376930;1.376930;1.376880;1.376920;43;43
DAT;12.05.2014 02:48:00;1.376680;1.376960;1.376680;1.376860;1.376920;1.377170;1.376920;1.377100;169;169
DAT;12.05.2014 02:49:00;1.376860;1.376950;1.376850;1.376940;1.377100;1.377200;1.377090;1.377190;140;140
DAT;12.05.2014 02:50:00;1.376940;1.377050;1.376900;1.377000;1.377190;1.377280;1.377150;1.377250;152;152
DAT;12.05.2014 02:51:00;1.377000;1.377010;1.376960;1.376990;1.377250;1.377250;1.377200;1.377240;60;60
DAT;12.05.2014 02:52:00;1.376990;1.377000;1.376960;1.376970;1.377240;1.377240;1.377190;1.377200;62;62
DAT;12.05.2014 02:53:00;1.376970;1.377100;1.376970;1.377100;1.377200;1.377350;1.377200;1.377350;97;97
DAT;12.05.2014 02:54:00;1.377100;1.377160;1.377050;1.377150;1.377350;1.377400;1.377290;1.377400;77;77
DAT;12.05.2014 02:55:00;1.377150;1.377220;1.377150;1.377160;1.377400;1.377460;1.377380;1.377410;84;84
DAT;12.05.2014 02:56:00;1.377160;1.377380;1.377160;1.377360;1.377410;1.377620;1.377410;1.377590;139;139
DAT;12.05.2014 02:57:00;1.377360;1.377370;1.377110;1.377160;1.377590;1.377590;1.377350;1.377390;214;214
DAT;12.05.2014 02:58:00;1.377160;1.377190;1.376990;1.377040;1.377390;1.377400;1.377230;1.377290;82;82
DAT;12.05.2014 02:59:00;1.377040;1.377100;1.376860;1.376860;1.377290;1.377340;1.377080;1.377080;212;212
DAT;12.05.2014 03:00:00;1.376860;1.376940;1.376730;1.376770;1.377080;1.377170;1.376970;1.377010;182;182
DAT;12.05.2014 03:01:00;1.376770;1.376900;1.376750;1.376870;1.377010;1.377130;1.376980;1.377120;115;115
DAT;12.05.2014 03:02:00;1.376870;1.376900;1.376720;1.376720;1.377120;1.377130;1.376950;1.376960;112;112
DAT;12.05.2014 03:03:00;1.376720;1.376730;1.376700;1.376720;1.376960;1.376970;1.376950;1.376950;85;85
DAT;12.05.2014 03:04:00;1.376720;1.376800;1.376710;1.376750;1.376950;1.377040;1.376950;1.376980;55;55
DAT;12.05.2014 03:05:00;1.376750;1.376750;1.376640;1.376650;1.376980;1.376980;1.376870;1.376890;44;44
DAT;12.05.2014 03:06:00;1.376650;1.376890;1.376620;1.376860;1.376890;1.377110;1.376850;1.377080;143;143
DAT;12.05.2014 03:07:00;1.376860;1.376980;1.376840;1.376950;1.377080;1.377200;1.377050;1.377190;70;70
DAT;12.05.2014 03:08:00;1.376950;1.377070;1.376950;1.377070;1.377190;1.377300;1.377190;1.377290;90;90
DAT;12.05.2014 03:09:00;1.377070;1.377130;1.377060;1.377130;1.377290;1.377380;1.377280;1.377360;83;83
DAT;12.05.2014 03:10:00;1.377130;1.377160;1.377060;1.377140;1.377360;1.377390;1.377290;1.377390;119;119
DAT;12.05.2014 03:11:00;1.377140;1.377170;1.377050;1.377060;1.377390;1.377410;1.377280;1.377280;58;58
DAT;12.05.2014 03:12:00;1.377060;1.377140;1.377030;1.377110;1.377280;1.377370;1.377260;1.377340;124;124
DAT;12.05.2014 03:13:00;1.377110;1.377120;1.377050;1.377060;1.377340;1.377360;1.377290;1.377300;53;53
DAT;12.05.2014 03:14:00;1.377060;1.377270;1.377040;1.377200;1.377300;1.377490;1.377290;1.377440;103;103
DAT;12.05.2014 03:15:00;1.377200;1.377370;1.377200;1.377350;1.377440;1.377590;1.377440;1.377580;50;50
DAT;12.05.2014 03:16:00;1.377350;1.377350;1.377320;1.377330;1.377580;1.377590;1.377550;1.377570;90;90
DAT;12.05.2014 03:17:00;1.377330;1.377330;1.377230;1.377300;1.377570;1.377570;1.377460;1.377530;122;122
DAT;12.05.2014 03:18:00;1.377300;1.377340;1.377290;1.377310;1.377530;1.377580;1.377510;1.377540;65;65
DAT;12.05.2014 03:19:00;1.377310;1.377340;1.377120;1.377210;1.377540;1.377560;1.377380;1.377440;171;171
DAT;12.05.2014 03:20:00;1.377210;1.377210;1.377080;1.377090;1.377440;1.377440;1.377320;1.377330;105;105
DAT;12.05.2014 03:21:00;1.377090;1.377130;1.376990;1.377010;1.377330;1.377360;1.377230;1.377240;96;96
DAT;12.05.2014 03:22:00;1.377010;1.377040;1.376970;1.376980;1.377240;1.377280;1.377200;1.377230;101;101
DAT;12.05.2014 03:23:00;1.376980;1.377090;1.376940;1.377060;1.377230;1.377300;1.377180;1.377300;112;112
DAT;12.05.2014 03:24:00;1.377060;1.377080;1.377040;1.377050;1.377300;1.377310;1.377240;1.377290;26;26
DAT;12.05.2014 03:25:00;1.377050;1.377240;1.377050;1.377200;1.377290;1.377460;1.377290;1.377440;75;75
DAT;12.05.2014 03:26:00;1.377200;1.377220;1.377100;1.377120;1.377440;1.377460;1.377350;1.377370;38;38
DAT;12.05.2014 03:27:00;1.377120;1.377120;1.377040;1.377050;1.377370;1.377370;1.377290;1.377290;54;54
DAT;12.05.2014 03:28:00;1.377050;1.377090;1.376980;1.376980;1.377290;1.377330;1.377200;1.377220;94;94
DAT;12.05.2014 03:29:00;1.376980;1.376980;1.376640;1.376740;1.377220;1.377220;1.376870;1.376980;147;147
DAT;12.05.2014 03:30:00;1.376740;1.376810;1.376530;1.376690;1.376980;1.377040;1.376760;1.376930;251;251
DAT;12.05.2014 03:31:00;1.376690;1.376930;1.376690;1.376830;1.376930;1.377170;1.376910;1.377060;126;126
DAT;12.05.2014 03:32:00;1.376830;1.376840;1.376720;1.376820;1.377060;1.377070;1.376950;1.377060;64;64
DAT;12.05.2014 03:33:00;1.376820;1.376820;1.376640;1.376640;1.377060;1.377060;1.376880;1.376880;89;89
DAT;12.05.2014 03:34:00;1.376640;1.376640;1.376530;1.376590;1.376880;1.376890;1.376770;1.376840;110;110
DAT;12.05.2014 03:35:00;1.376590;1.376690;1.376580;1.376630;1.376840;1.376890;1.376810;1.376870;62;62
DAT;12.05.2014 03:36:00;1.376630;1.376710;1.376520;1.376530;1.376870;1.376950;1.376750;1.376770;119;119
DAT;12.05.2014 03:37:00;1.376530;1.376700;1.376520;1.376680;1.376770;1.376940;1.376750;1.376930;152;152
DAT;12.05.2014 03:38:00;1.376680;1.376730;1.376590;1.376590;1.376930;1.376960;1.376850;1.376850;95;95
DAT;12.05.2014 03:39:00;1.376590;1.376600;1.376500;1.376550;1.376850;1.376850;1.376740;1.376790;54;54
DAT;12.05.2014 03:40:00;1.376550;1.376550;1.376380;1.376510;1.376790;1.376800;1.376610;1.376760;178;178
DAT;12.05.2014 03:41:00;1.376510;1.376560;1.376410;1.376450;1.376760;1.376770;1.376660;1.376680;116;116
DAT;12.05.2014 03:42:00;1.376450;1.376460;1.376400;1.376410;1.376680;1.376680;1.376640;1.376650;51;51
DAT;12.05.2014 03:43:00;1.376410;1.376610;1.376370;1.376610;1.376650;1.376840;1.376600;1.376840;125;125
DAT;12.05.2014 03:44:00;1.376610;1.376720;1.376450;1.376710;1.376840;1.376950;1.376680;1.376930;229;229
DAT;12.05.2014 03:45:00;1.376710;1.376750;1.376620;1.376620;1.376930;1.376990;1.376860;1.376870;89;89
DAT;12.05.2014 03:46:00;1.376620;1.376620;1.376530;1.376530;1.376870;1.376870;1.376770;1.376780;79;79
DAT;12.05.2014 03:47:00;1.376530;1.376650;1.376500;1.376610;1.376780;1.376890;1.376750;1.376860;114;114
DAT;12.05.2014 03:48:00;1.376610;1.376630;1.376540;1.376560;1.376860;1.376880;1.376770;1.376790;53;53
DAT;12.05.2014 03:49:00;1.376560;1.376560;1.376490;1.376500;1.376790;1.376790;1.376720;1.376750;29;29
DAT;12.05.2014 03:50:00;1.376500;1.376520;1.376360;1.376390;1.376750;1.376760;1.376590;1.376630;76;76
DAT;12.05.2014 03:51:00;1.376390;1.376440;1.376390;1.376420;1.376630;1.376680;1.376630;1.376660;28;28
DAT;12.05.2014 03:52:00;1.376420;1.376540;1.376420;1.376530;1.376660;1.376780;1.376660;1.376770;41;41
DAT;12.05.2014 03:53:00;1.376530;1.376660;1.376520;1.376660;1.376770;1.376900;1.376750;1.376900;39;39
DAT;12.05.2014 03:54:00;1.376660;1.376660;1.376540;1.376560;1.376900;1.376900;1.376770;1.376800;100;100
DAT;12.05.2014 03:55:00;1.376560;1.376640;1.376540;1.376580;1.376800;1.376870;1.376780;1.376810;80;80
DAT;12.05.2014 03:56:00;1.376580;1.376600;1.376560;1.376580;1.376810;1.376820;1.376790;1.376810;39;39
DAT;12.05.2014 03:57:00;1.376580;1.376730;1.376550;1.376730;1.376810;1.376970;1.376780;1.376970;128;128
DAT;12.05.2014 03:58:00;1.376730;1.376980;1.376730;1.376960;1.376970;1.377190;1.376970;1.377190;169;169
DAT;12.05.2014 03:59:00;1.376960;1.376960;1.376820;1.376910;1.377190;1.377190;1.377060;1.377140;136;136
DAT;12.05.2014 04:00:00;1.376910;1.376960;1.376900;1.376940;1.377140;1.377190;1.377140;1.377150;63;63
DAT;12.05.2014 04:01:00;1.376940;1.377030;1.376920;1.376960;1.377150;1.377250;1.377150;1.377190;86;86
DAT;12.05.2014 04:02:00;1.376960;1.376960;1.376890;1.376910;1.377190;1.377200;1.377120;1.377140;53;53
DAT;12.05.2014 04:03:00;1.376910;1.376950;1.376850;1.376940;1.377140;1.377180;1.377080;1.377180;104;104
DAT;12.05.2014 04:04:00;1.376940;1.376940;1.376860;1.376930;1.377180;1.377180;1.377090;1.377160;113;113
DAT;12.05.2014 04:05:00;1.376930;1.377010;1.376930;1.376960;1.377160;1.377240;1.377160;1.377180;29;29
DAT;12.05.2014 04:06:00;1.376960;1.376960;1.376840;1.376860;1.377180;1.377180;1.377040;1.377070;94;94
DAT;12.05.2014 04:07:00;1.376860;1.376880;1.376840;1.376860;1.377070;1.377110;1.377060;1.377070;52;52
DAT;12.05.2014 04:08:00;1.376860;1.376860;1.376630;1.376640;1.377070;1.377070;1.376850;1.376860;94;94
DAT;12.05.2014 04:09:00;1.376640;1.376640;1.376610;1.376630;1.376860;1.376870;1.376840;1.376870;39;39
DAT;12.05.2014 04:10:00;1.376630;1.376750;1.376620;1.376730;1.376870;1.376990;1.376860;1.376970;43;43
DAT;12.05.2014 04:11:00;1.376730;1.376910;1.376730;1.376810;1.376970;1.377140;1.376970;1.377040;191;191
DAT;12.05.2014 04:12:00;1.376810;1.376930;1.376810;1.376920;1.377040;1.377180;1.377030;1.377150;113;113
DAT;12.05.2014 04:13:00;1.376920;1.376920;1.376850;1.376910;1.377150;1.377160;1.377080;1.377160;52;52
DAT;12.05.2014 04:14:00;1.376910;1.376930;1.376890;1.376910;1.377160;1.377160;1.377100;1.377140;30;30
DAT;12.05.2014 04:15:00;1.376910;1.376950;1.376890;1.376910;1.377140;1.377190;1.377120;1.377160;48;48
DAT;12.05.2014 04:16:00;1.376910;1.377000;1.376910;1.376960;1.377160;1.377250;1.377160;1.377200;83;83
DAT;12.05.2014 04:17:00;1.376960;1.377010;1.376900;1.376910;1.377200;1.377240;1.377120;1.377150;58;58
DAT;12.05.2014 04:18:00;1.376910;1.377050;1.376910;1.377050;1.377150;1.377290;1.377150;1.377290;94;94
DAT;12.05.2014 04:19:00;1.377050;1.377320;1.377050;1.377240;1.377290;1.377570;1.377290;1.377470;132;132
DAT;12.05.2014 04:20:00;1.377240;1.377280;1.377150;1.377160;1.377470;1.377520;1.377380;1.377380;96;96
DAT;12.05.2014 04:21:00;1.377160;1.377220;1.377140;1.377160;1.377380;1.377460;1.377380;1.377400;122;122
DAT;12.05.2014 04:22:00;1.377160;1.377220;1.377150;1.377210;1.377400;1.377460;1.377390;1.377450;52;52
DAT;12.05.2014 04:23:00;1.377210;1.377240;1.377170;1.377240;1.377450;1.377470;1.377390;1.377470;82;82
DAT;12.05.2014 04:24:00;1.377240;1.377320;1.377220;1.377300;1.377470;1.377540;1.377440;1.377530;141;141
DAT;12.05.2014 04:25:00;1.377300;1.377300;1.377230;1.377250;1.377530;1.377540;1.377480;1.377480;143;143
DAT;12.05.2014 04:26:00;1.377250;1.377290;1.377210;1.377210;1.377480;1.377520;1.377450;1.377470;63;63
DAT;12.05.2014 04:27:00;1.377210;1.377210;1.377030;1.377030;1.377470;1.377470;1.377260;1.377270;104;104
DAT;12.05.2014 04:28:00;1.377030;1.377030;1.376840;1.376920;1.377270;1.377270;1.377080;1.377150;171;171
DAT;12.05.2014 04:29:00;1.376920;1.377080;1.376890;1.377040;1.377150;1.377300;1.377100;1.377280;100;100
DAT;12.05.2014 04:30:00;1.377040;1.377080;1.377030;1.377050;1.377280;1.377320;1.377260;1.377290;68;68
DAT;12.05.2014 04:31:00;1.377050;1.377080;1.376860;1.376860;1.377290;1.377300;1.377080;1.377090;98;98
DAT;12.05.2014 04:32:00;1.376860;1.376860;1.376720;1.376740;1.377090;1.377090;1.376970;1.376980;63;63
DAT;12.05.2014 04:33:00;1.376740;1.376750;1.376720;1.376730;1.376980;1.376990;1.376970;1.376980;20;20
DAT;12.05.2014 04:34:00;1.376730;1.376760;1.376690;1.376690;1.376980;1.377000;1.376930;1.376940;58;58
DAT;12.05.2014 04:35:00;1.376690;1.376710;1.376650;1.376650;1.376940;1.376950;1.376860;1.376860;93;93
DAT;12.05.2014 04:36:00;1.376650;1.376750;1.376610;1.376740;1.376860;1.376990;1.376840;1.376980;113;113
DAT;12.05.2014 04:37:00;1.376740;1.376930;1.376740;1.376750;1.376980;1.377170;1.376960;1.376970;153;153
DAT;12.05.2014 04:38:00;1.376750;1.376750;1.376610;1.376610;1.376970;1.376970;1.376850;1.376850;183;183
DAT;12.05.2014 04:39:00;1.376610;1.376700;1.376610;1.376640;1.376850;1.376940;1.376850;1.376870;86;86
DAT;12.05.2014 04:40:00;1.376640;1.376720;1.376620;1.376650;1.376870;1.376930;1.376850;1.376890;98;98
DAT;12.05.2014 04:41:00;1.376650;1.376800;1.376630;1.376630;1.376890;1.377030;1.376860;1.376880;89;89
DAT;12.05.2014 04:42:00;1.376630;1.376710;1.376550;1.376560;1.376880;1.376920;1.376780;1.376800;87;87
DAT;12.05.2014 04:43:00;1.376560;1.376630;1.376540;1.376620;1.376800;1.376870;1.376770;1.376840;46;46
DAT;12.05.2014 04:44:00;1.376620;1.376640;1.376520;1.376530;1.376840;1.376870;1.376750;1.376770;60;60
DAT;12.05.2014 04:45:00;1.376530;1.376630;1.376520;1.376630;1.376770;1.376870;1.376770;1.376850;77;77
DAT;12.05.2014 04:46:00;1.376630;1.376710;1.376630;1.376710;1.376850;1.376940;1.376850;1.376940;55;55
DAT;12.05.2014 04:47:00;1.376710;1.376710;1.376520;1.376520;1.376940;1.376940;1.376750;1.376760;82;82
DAT;12.05.2014 04:48:00;1.376520;1.376560;1.376430;1.376510;1.376760;1.376780;1.376660;1.376750;108;108
DAT;12.05.2014 04:49:00;1.376510;1.376510;1.376290;1.376300;1.376750;1.376750;1.376530;1.376550;249;249
DAT;12.05.2014 04:50:00;1.376300;1.376320;1.376120;1.376120;1.376550;1.376550;1.376360;1.376380;184;184
DAT;12.05.2014 04:51:00;1.376120;1.376200;1.376000;1.376090;1.376380;1.376440;1.376250;1.376340;164;164
DAT;12.05.2014 04:52:00;1.376090;1.376120;1.375970;1.375980;1.376340;1.376350;1.376200;1.376230;111;111
DAT;12.05.2014 04:53:00;1.375980;1.376140;1.375980;1.376140;1.376230;1.376370;1.376230;1.376360;71;71
DAT;12.05.2014 04:54:00;1.376140;1.376340;1.376140;1.376310;1.376360;1.376570;1.376360;1.376550;91;91
DAT;12.05.2014 04:55:00;1.376310;1.376350;1.376240;1.376240;1.376550;1.376580;1.376460;1.376490;54;54
DAT;12.05.2014 04:56:00;1.376240;1.376300;1.376220;1.376300;1.376490;1.376530;1.376460;1.376530;71;71
DAT;12.05.2014 04:57:00;1.376300;1.376440;1.376240;1.376440;1.376530;1.376670;1.376470;1.376660;100;100
DAT;12.05.2014 04:58:00;1.376440;1.376530;1.376370;1.376450;1.376660;1.376760;1.376590;1.376690;114;114
DAT;12.05.2014 04:59:00;1.376450;1.376670;1.376440;1.376640;1.376690;1.376890;1.376680;1.376870;83;83
DAT;12.05.2014 05:00:00;1.376640;1.376640;1.376500;1.376560;1.376870;1.376870;1.376740;1.376800;85;85
DAT;12.05.2014 05:01:00;1.376560;1.376580;1.376550;1.376560;1.376800;1.376800;1.376790;1.376800;27;27
DAT;12.05.2014 05:02:00;1.376560;1.376580;1.376340;1.376350;1.376800;1.376800;1.376550;1.376590;94;94
DAT;12.05.2014 05:03:00;1.376350;1.376440;1.376350;1.376400;1.376590;1.376670;1.376590;1.376650;66;66
DAT;12.05.2014 05:04:00;1.376400;1.376420;1.376240;1.376320;1.376650;1.376660;1.376470;1.376550;116;116
DAT;12.05.2014 05:05:00;1.376320;1.376360;1.376270;1.376330;1.376550;1.376580;1.376450;1.376560;79;79
DAT;12.05.2014 05:06:00;1.376330;1.376340;1.376240;1.376250;1.376560;1.376580;1.376450;1.376480;91;91
DAT;12.05.2014 05:07:00;1.376250;1.376250;1.376020;1.376110;1.376480;1.376490;1.376250;1.376340;60;60
DAT;12.05.2014 05:08:00;1.376110;1.376140;1.376060;1.376140;1.376340;1.376370;1.376290;1.376360;74;74
DAT;12.05.2014 05:09:00;1.376140;1.376210;1.376090;1.376200;1.376360;1.376440;1.376340;1.376420;45;45
DAT;12.05.2014 05:10:00;1.376200;1.376200;1.376120;1.376140;1.376420;1.376420;1.376350;1.376390;59;59
DAT;12.05.2014 05:11:00;1.376140;1.376210;1.376130;1.376160;1.376390;1.376450;1.376370;1.376400;102;102
DAT;12.05.2014 05:12:00;1.376160;1.376210;1.376130;1.376210;1.376400;1.376450;1.376370;1.376450;72;72
DAT;12.05.2014 05:13:00;1.376210;1.376260;1.376130;1.376150;1.376450;1.376490;1.376370;1.376390;51;51
DAT;12.05.2014 05:14:00;1.376150;1.376210;1.376120;1.376130;1.376390;1.376450;1.376360;1.376360;66;66
DAT;12.05.2014 05:15:00;1.376130;1.376170;1.376120;1.376140;1.376360;1.376400;1.376350;1.376370;37;37
DAT;12.05.2014 05:16:00;1.376140;1.376270;1.376130;1.376240;1.376370;1.376500;1.376370;1.376480;50;50
DAT;12.05.2014 05:17:00;1.376240;1.376350;1.376220;1.376250;1.376480;1.376570;1.376470;1.376480;71;71
DAT;12.05.2014 05:18:00;1.376250;1.376250;1.376140;1.376220;1.376480;1.376490;1.376370;1.376430;98;98
DAT;12.05.2014 05:19:00;1.376220;1.376240;1.376190;1.376240;1.376430;1.376480;1.376430;1.376480;30;30
DAT;12.05.2014 05:20:00;1.376240;1.376440;1.376240;1.376420;1.376480;1.376670;1.376480;1.376650;106;106
DAT;12.05.2014 05:21:00;1.376420;1.376530;1.376330;1.376510;1.376650;1.376760;1.376570;1.376750;140;140
DAT;12.05.2014 05:22:00;1.376510;1.376580;1.376470;1.376530;1.376750;1.376820;1.376720;1.376790;57;57
DAT;12.05.2014 05:23:00;1.376530;1.376550;1.376530;1.376540;1.376790;1.376790;1.376780;1.376780;10;10
DAT;12.05.2014 05:24:00;1.376540;1.376540;1.376510;1.376540;1.376780;1.376780;1.376740;1.376780;23;23
DAT;12.05.2014 05:25:00;1.376540;1.376820;1.376530;1.376700;1.376780;1.377060;1.376770;1.376950;87;87
DAT;12.05.2014 05:26:00;1.376700;1.376720;1.376670;1.376710;1.376950;1.376950;1.376890;1.376950;40;40
DAT;12.05.2014 05:27:00;1.376710;1.376720;1.376600;1.376620;1.376950;1.376950;1.376850;1.376850;51;51
DAT;12.05.2014 05:28:00;1.376620;1.376620;1.376580;1.376590;1.376850;1.376860;1.376830;1.376840;17;17
DAT;12.05.2014 05:29:00;1.376590;1.376610;1.376570;1.376580;1.376840;1.376840;1.376790;1.376820;31;31
DAT;12.05.2014 05:30:00;1.376580;1.377000;1.376580;1.376850;1.376820;1.377250;1.376820;1.377080;329;329
DAT;12.05.2014 05:31:00;1.376850;1.376850;1.376570;1.376730;1.377080;1.377080;1.376790;1.376970;238;238
DAT;12.05.2014 05:32:00;1.376730;1.376820;1.376720;1.376720;1.376970;1.377050;1.376960;1.376970;119;119
DAT;12.05.2014 05:33:00;1.376720;1.376730;1.376470;1.376510;1.376970;1.376970;1.376700;1.376770;83;83
DAT;12.05.2014 05:34:00;1.376510;1.376580;1.376490;1.376510;1.376770;1.376810;1.376740;1.376750;33;33
DAT;12.05.2014 05:35:00;1.376510;1.376510;1.376220;1.376220;1.376750;1.376750;1.376460;1.376470;118;118
DAT;12.05.2014 05:36:00;1.376220;1.376460;1.376220;1.376420;1.376470;1.376680;1.376450;1.376670;133;133
DAT;12.05.2014 05:37:00;1.376420;1.376440;1.376130;1.376140;1.376670;1.376690;1.376370;1.376390;133;133
DAT;12.05.2014 05:38:00;1.376140;1.376190;1.376060;1.376070;1.376390;1.376440;1.376280;1.376300;87;87
DAT;12.05.2014 05:39:00;1.376070;1.376160;1.376070;1.376100;1.376300;1.376400;1.376300;1.376340;43;43
DAT;12.05.2014 05:40:00;1.376100;1.376120;1.376060;1.376090;1.376340;1.376360;1.376320;1.376340;38;38
DAT;12.05.2014 05:41:00;1.376090;1.376270;1.376020;1.376230;1.376340;1.376480;1.376260;1.376470;96;96
DAT;12.05.2014 05:42:00;1.376230;1.376420;1.376210;1.376390;1.376470;1.376660;1.376460;1.376630;70;70
DAT;12.05.2014 05:43:00;1.376390;1.376410;1.376330;1.376340;1.376630;1.376640;1.376560;1.376570;59;59
DAT;12.05.2014 05:44:00;1.376340;1.376450;1.376330;1.376440;1.376570;1.376680;1.376570;1.376660;94;94
DAT;12.05.2014 05:45:00;1.376440;1.376460;1.376270;1.376310;1.376660;1.376680;1.376490;1.376550;112;112
DAT;12.05.2014 05:46:00;1.376310;1.376320;1.376220;1.376310;1.376550;1.376560;1.376460;1.376540;47;47
DAT;12.05.2014 05:47:00;1.376310;1.376320;1.376290;1.376320;1.376540;1.376560;1.376520;1.376550;25;25
DAT;12.05.2014 05:48:00;1.376320;1.376360;1.376320;1.376360;1.376550;1.376610;1.376550;1.376600;68;68
DAT;12.05.2014 05:49:00;1.376360;1.376510;1.376360;1.376500;1.376600;1.376760;1.376600;1.376730;74;74
DAT;12.05.2014 05:50:00;1.376500;1.376650;1.376500;1.376650;1.376730;1.376890;1.376730;1.376890;74;74
DAT;12.05.2014 05:51:00;1.376650;1.376700;1.376630;1.376640;1.376890;1.376940;1.376860;1.376880;58;58
DAT;12.05.2014 05:52:00;1.376640;1.376680;1.376630;1.376650;1.376880;1.376920;1.376880;1.376890;67;67
DAT;12.05.2014 05:53:00;1.376650;1.376720;1.376640;1.376690;1.376890;1.376960;1.376890;1.376940;71;71
DAT;12.05.2014 05:54:00;1.376690;1.376710;1.376600;1.376600;1.376940;1.376950;1.376850;1.376850;76;76
DAT;12.05.2014 05:55:00;1.376600;1.376630;1.376420;1.376420;1.376850;1.376870;1.376650;1.376660;98;98
DAT;12.05.2014 05:56:00;1.376420;1.376440;1.376370;1.376430;1.376660;1.376670;1.376600;1.376660;29;29
DAT;12.05.2014 05:57:00;1.376430;1.376440;1.376430;1.376430;1.376660;1.376680;1.376660;1.376680;8;8
DAT;12.05.2014 05:58:00;1.376430;1.376530;1.376430;1.376530;1.376680;1.376750;1.376670;1.376750;21;21
DAT;12.05.2014 05:59:00;1.376530;1.376710;1.376530;1.376640;1.376750;1.376950;1.376750;1.376860;67;67
DAT;12.05.2014 06:00:00;1.376640;1.376640;1.376500;1.376520;1.376860;1.376870;1.376730;1.376770;73;73
DAT;12.05.2014 06:01:00;1.376520;1.376630;1.376510;1.376610;1.376770;1.376860;1.376750;1.376840;57;57
DAT;12.05.2014 06:02:00;1.376610;1.376650;1.376600;1.376640;1.376840;1.376870;1.376820;1.376870;61;61
DAT;12.05.2014 06:03:00;1.376640;1.376700;1.376620;1.376640;1.376870;1.376930;1.376850;1.376850;80;80
DAT;12.05.2014 06:04:00;1.376640;1.376640;1.376510;1.376510;1.376850;1.376860;1.376750;1.376750;59;59
DAT;12.05.2014 06:05:00;1.376510;1.376540;1.376500;1.376540;1.376750;1.376760;1.376750;1.376760;23;23
DAT;12.05.2014 06:06:00;1.376540;1.376590;1.376420;1.376440;1.376760;1.376820;1.376660;1.376670;85;85
DAT;12.05.2014 06:07:00;1.376440;1.376570;1.376430;1.376490;1.376670;1.376780;1.376670;1.376730;76;76
DAT;12.05.2014 06:08:00;1.376490;1.376580;1.376490;1.376540;1.376730;1.376790;1.376730;1.376780;42;42
DAT;12.05.2014 06:09:00;1.376540;1.376650;1.376530;1.376640;1.376780;1.376880;1.376770;1.376880;61;61
DAT;12.05.2014 06:10:00;1.376640;1.376640;1.376530;1.376620;1.376880;1.376880;1.376780;1.376850;56;56
DAT;12.05.2014 06:11:00;1.376620;1.376710;1.376610;1.376650;1.376850;1.376940;1.376850;1.376870;76;76
DAT;12.05.2014 06:12:00;1.376650;1.376650;1.376600;1.376620;1.376870;1.376880;1.376850;1.376860;25;25
DAT;12.05.2014 06:13:00;1.376620;1.376620;1.376520;1.376530;1.376860;1.376860;1.376760;1.376760;30;30
DAT;12.05.2014 06:14:00;1.376530;1.376690;1.376530;1.376690;1.376760;1.376930;1.376760;1.376930;36;36
DAT;12.05.2014 06:15:00;1.376690;1.376730;1.376690;1.376720;1.376930;1.376970;1.376930;1.376970;19;19
DAT;12.05.2014 06:16:00;1.376720;1.376780;1.376650;1.376700;1.376970;1.377010;1.376890;1.376940;57;57
DAT;12.05.2014 06:17:00;1.376700;1.376730;1.376640;1.376730;1.376940;1.376970;1.376890;1.376970;34;34
DAT;12.05.2014 06:18:00;1.376730;1.376800;1.376730;1.376740;1.376970;1.377030;1.376970;1.376990;110;110
DAT;12.05.2014 06:19:00;1.376740;1.376820;1.376730;1.376730;1.376990;1.377050;1.376960;1.376970;54;54
DAT;12.05.2014 06:20:00;1.376730;1.376790;1.376710;1.376720;1.376970;1.377000;1.376950;1.376970;39;39
DAT;12.05.2014 06:21:00;1.376720;1.376740;1.376720;1.376730;1.376970;1.376980;1.376960;1.376970;7;7
DAT;12.05.2014 06:22:00;1.376730;1.376740;1.376670;1.376670;1.376970;1.376980;1.376900;1.376900;74;74
DAT;12.05.2014 06:23:00;1.376670;1.376690;1.376230;1.376280;1.376900;1.376930;1.376450;1.376530;178;178
DAT;12.05.2014 06:24:00;1.376280;1.376340;1.375980;1.376020;1.376530;1.376560;1.376220;1.376270;221;221
DAT;12.05.2014 06:25:00;1.376020;1.376110;1.376020;1.376030;1.376270;1.376330;1.376260;1.376280;118;118
DAT;12.05.2014 06:26:00;1.376030;1.376080;1.375980;1.376020;1.376280;1.376310;1.376220;1.376250;80;80
DAT;12.05.2014 06:27:00;1.376020;1.376200;1.376020;1.376130;1.376250;1.376450;1.376250;1.376370;142;142
DAT;12.05.2014 06:28:00;1.376130;1.376200;1.376110;1.376110;1.376370;1.376450;1.376340;1.376340;59;59
DAT;12.05.2014 06:29:00;1.376110;1.376140;1.375860;1.375910;1.376340;1.376380;1.376100;1.376170;129;129
DAT;12.05.2014 06:30:00;1.375910;1.376030;1.375890;1.376010;1.376170;1.376280;1.376120;1.376260;47;47
DAT;12.05.2014 06:31:00;1.376010;1.376120;1.376010;1.376100;1.376260;1.376350;1.376260;1.376350;58;58
DAT;12.05.2014 06:32:00;1.376100;1.376100;1.376000;1.376010;1.376350;1.376350;1.376240;1.376250;39;39
DAT;12.05.2014 06:33:00;1.376010;1.376110;1.376010;1.376080;1.376250;1.376340;1.376250;1.376310;85;85
DAT;12.05.2014 06:34:00;1.376080;1.376100;1.376030;1.376040;1.376310;1.376350;1.376270;1.376270;51;51
DAT;12.05.2014 06:35:00;1.376040;1.376100;1.376030;1.376040;1.376270;1.376340;1.376260;1.376280;39;39
DAT;12.05.2014 06:36:00;1.376040;1.376100;1.375830;1.375870;1.376280;1.376340;1.376060;1.376100;137;137
DAT;12.05.2014 06:37:00;1.375870;1.375890;1.375820;1.375820;1.376100;1.376110;1.376060;1.376070;81;81
DAT;12.05.2014 06:38:00;1.375820;1.375890;1.375730;1.375860;1.376070;1.376130;1.375960;1.376110;154;154
DAT;12.05.2014 06:39:00;1.375860;1.375880;1.375490;1.375500;1.376110;1.376130;1.375750;1.375750;181;181
DAT;12.05.2014 06:40:00;1.375500;1.375690;1.375500;1.375620;1.375750;1.375940;1.375740;1.375870;98;98
DAT;12.05.2014 06:41:00;1.375620;1.375630;1.375510;1.375540;1.375870;1.375880;1.375760;1.375760;54;54
DAT;12.05.2014 06:42:00;1.375540;1.375600;1.375520;1.375530;1.375760;1.375840;1.375750;1.375760;49;49
DAT;12.05.2014 06:43:00;1.375530;1.375540;1.375390;1.375410;1.375760;1.375760;1.375630;1.375650;100;100
DAT;12.05.2014 06:44:00;1.375410;1.375500;1.375350;1.375430;1.375650;1.375720;1.375570;1.375650;177;177
DAT;12.05.2014 06:45:00;1.375430;1.375530;1.375390;1.375400;1.375650;1.375760;1.375620;1.375620;251;251
DAT;12.05.2014 06:46:00;1.375400;1.375500;1.375350;1.375490;1.375620;1.375740;1.375580;1.375720;130;130
DAT;12.05.2014 06:47:00;1.375490;1.375510;1.375430;1.375470;1.375720;1.375750;1.375670;1.375700;56;56
DAT;12.05.2014 06:48:00;1.375470;1.375540;1.375440;1.375500;1.375700;1.375790;1.375670;1.375730;106;106
DAT;12.05.2014 06:49:00;1.375500;1.375510;1.375420;1.375440;1.375730;1.375740;1.375660;1.375670;45;45
DAT;12.05.2014 06:50:00;1.375440;1.375580;1.375420;1.375560;1.375670;1.375820;1.375670;1.375800;89;89
DAT;12.05.2014 06:51:00;1.375560;1.375630;1.375530;1.375620;1.375800;1.375860;1.375770;1.375860;120;120
DAT;12.05.2014 06:52:00;1.375620;1.375640;1.375580;1.375640;1.375860;1.375880;1.375810;1.375860;41;41
DAT;12.05.2014 06:53:00;1.375640;1.375720;1.375610;1.375720;1.375860;1.375970;1.375850;1.375960;31;31
DAT;12.05.2014 06:54:00;1.375720;1.375780;1.375680;1.375750;1.375960;1.376010;1.375920;1.376000;48;48
DAT;12.05.2014 06:55:00;1.375750;1.375830;1.375740;1.375830;1.376000;1.376070;1.375960;1.376070;45;45
DAT;12.05.2014 06:56:00;1.375830;1.375950;1.375800;1.375940;1.376070;1.376190;1.376020;1.376190;61;61
DAT;12.05.2014 06:57:00;1.375940;1.376040;1.375920;1.375940;1.376190;1.376280;1.376170;1.376190;74;74
DAT;12.05.2014 06:58:00;1.375940;1.375940;1.375830;1.375830;1.376190;1.376190;1.376050;1.376050;71;71
DAT;12.05.2014 06:59:00;1.375830;1.375830;1.375510;1.375580;1.376050;1.376050;1.375750;1.375800;111;111
DAT;12.05.2014 07:00:00;1.375580;1.375700;1.375580;1.375630;1.375800;1.375940;1.375800;1.375880;87;87
DAT;12.05.2014 07:01:00;1.375630;1.375630;1.375510;1.375590;1.375880;1.375890;1.375730;1.375830;65;65
DAT;12.05.2014 07:02:00;1.375590;1.375590;1.375410;1.375480;1.375830;1.375830;1.375640;1.375730;193;193
DAT;12.05.2014 07:03:00;1.375480;1.375500;1.375390;1.375460;1.375730;1.375730;1.375600;1.375700;114;114
DAT;12.05.2014 07:04:00;1.375460;1.375520;1.375440;1.375520;1.375700;1.375770;1.375690;1.375750;46;46
DAT;12.05.2014 07:05:00;1.375520;1.375610;1.375520;1.375610;1.375750;1.375860;1.375750;1.375850;75;75
DAT;12.05.2014 07:06:00;1.375610;1.375670;1.375610;1.375630;1.375850;1.375910;1.375850;1.375860;31;31
DAT;12.05.2014 07:07:00;1.375630;1.375630;1.375590;1.375600;1.375860;1.375870;1.375830;1.375840;16;16
DAT;12.05.2014 07:08:00;1.375600;1.375640;1.375570;1.375640;1.375840;1.375850;1.375820;1.375850;20;20
DAT;12.05.2014 07:09:00;1.375640;1.375790;1.375640;1.375760;1.375850;1.376000;1.375850;1.375960;49;49
DAT;12.05.2014 07:10:00;1.375760;1.375790;1.375710;1.375710;1.375960;1.376010;1.375920;1.375930;47;47
DAT;12.05.2014 07:11:00;1.375710;1.375950;1.375710;1.375870;1.375930;1.376180;1.375930;1.376090;121;121
DAT;12.05.2014 07:12:00;1.375870;1.375960;1.375810;1.375950;1.376090;1.376180;1.376060;1.376180;40;40
DAT;12.05.2014 07:13:00;1.375950;1.376130;1.375930;1.376010;1.376180;1.376360;1.376180;1.376260;66;66
DAT;12.05.2014 07:14:00;1.376010;1.376140;1.376000;1.376110;1.376260;1.376350;1.376240;1.376350;39;39
DAT;12.05.2014 07:15:00;1.376110;1.376170;1.376110;1.376110;1.376350;1.376390;1.376330;1.376360;36;36
DAT;12.05.2014 07:16:00;1.376110;1.376110;1.376000;1.376010;1.376360;1.376360;1.376240;1.376260;45;45
DAT;12.05.2014 07:17:00;1.376010;1.376010;1.375700;1.375780;1.376260;1.376260;1.375960;1.376020;96;96
DAT;12.05.2014 07:18:00;1.375780;1.375810;1.375720;1.375730;1.376020;1.376020;1.375970;1.375970;48;48
DAT;12.05.2014 07:19:00;1.375730;1.375830;1.375720;1.375820;1.375970;1.376050;1.375970;1.376040;26;26
DAT;12.05.2014 07:20:00;1.375820;1.375840;1.375810;1.375820;1.376040;1.376070;1.376040;1.376060;11;11
DAT;12.05.2014 07:21:00;1.375820;1.375820;1.375710;1.375720;1.376060;1.376060;1.375950;1.375950;40;40
DAT;12.05.2014 07:22:00;1.375720;1.375720;1.375690;1.375690;1.375950;1.375950;1.375900;1.375930;38;38
DAT;12.05.2014 07:23:00;1.375690;1.375710;1.375600;1.375600;1.375930;1.375950;1.375840;1.375850;56;56
DAT;12.05.2014 07:24:00;1.375600;1.375640;1.375530;1.375530;1.375850;1.375860;1.375750;1.375760;88;88
DAT;12.05.2014 07:25:00;1.375530;1.375610;1.375530;1.375570;1.375760;1.375850;1.375760;1.375810;36;36
DAT;12.05.2014 07:26:00;1.375570;1.375630;1.375560;1.375590;1.375810;1.375880;1.375810;1.375830;42;42
DAT;12.05.2014 07:27:00;1.375590;1.375630;1.375470;1.375480;1.375830;1.375870;1.375720;1.375730;55;55
DAT;12.05.2014 07:28:00;1.375480;1.375530;1.375480;1.375510;1.375730;1.375730;1.375720;1.375730;13;13
DAT;12.05.2014 07:29:00;1.375510;1.375630;1.375490;1.375610;1.375730;1.375870;1.375710;1.375830;64;64
DAT;12.05.2014 07:30:00;1.375610;1.375660;1.375570;1.375650;1.375830;1.375880;1.375790;1.375860;107;107
DAT;12.05.2014 07:31:00;1.375650;1.375690;1.375640;1.375670;1.375860;1.375930;1.375860;1.375920;129;129
DAT;12.05.2014 07:32:00;1.375670;1.375770;1.375670;1.375750;1.375920;1.376010;1.375890;1.375980;91;91
DAT;12.05.2014 07:33:00;1.375750;1.375750;1.375690;1.375700;1.375980;1.376000;1.375900;1.375940;67;67
DAT;12.05.2014 07:34:00;1.375700;1.375940;1.375700;1.375940;1.375940;1.376180;1.375940;1.376170;134;134
DAT;12.05.2014 07:35:00;1.375940;1.375940;1.375890;1.375940;1.376170;1.376180;1.376130;1.376170;36;36
DAT;12.05.2014 07:36:00;1.375940;1.375940;1.375830;1.375890;1.376170;1.376180;1.376060;1.376130;95;95
DAT;12.05.2014 07:37:00;1.375890;1.375890;1.375820;1.375820;1.376130;1.376130;1.376060;1.376070;23;23
DAT;12.05.2014 07:38:00;1.375820;1.375880;1.375800;1.375810;1.376070;1.376100;1.376020;1.376040;27;27
DAT;12.05.2014 07:39:00;1.375810;1.375810;1.375730;1.375730;1.376040;1.376040;1.375950;1.375960;55;55
DAT;12.05.2014 07:40:00;1.375730;1.375730;1.375650;1.375680;1.375960;1.375960;1.375880;1.375930;52;52
DAT;12.05.2014 07:41:00;1.375680;1.375710;1.375670;1.375710;1.375930;1.375940;1.375920;1.375940;17;17
DAT;12.05.2014 07:42:00;1.375710;1.375950;1.375700;1.375890;1.375940;1.376180;1.375930;1.376140;91;91
DAT;12.05.2014 07:43:00;1.375890;1.375890;1.375770;1.375840;1.376140;1.376140;1.376000;1.376080;72;72
DAT;12.05.2014 07:44:00;1.375840;1.375930;1.375840;1.375920;1.376080;1.376170;1.376080;1.376170;49;49
DAT;12.05.2014 07:45:00;1.375920;1.376040;1.375920;1.376020;1.376170;1.376280;1.376140;1.376280;60;60
DAT;12.05.2014 07:46:00;1.376020;1.376040;1.375940;1.375990;1.376280;1.376280;1.376170;1.376220;77;77
DAT;12.05.2014 07:47:00;1.375990;1.376060;1.375990;1.376060;1.376220;1.376300;1.376220;1.376300;19;19
DAT;12.05.2014 07:48:00;1.376060;1.376140;1.376040;1.376070;1.376300;1.376370;1.376270;1.376300;92;92
DAT;12.05.2014 07:49:00;1.376070;1.376320;1.376070;1.376240;1.376300;1.376550;1.376300;1.376470;196;196
DAT;12.05.2014 07:50:00;1.376240;1.376310;1.376210;1.376210;1.376470;1.376550;1.376450;1.376460;105;105
DAT;12.05.2014 07:51:00;1.376210;1.376330;1.376210;1.376330;1.376460;1.376580;1.376450;1.376560;49;49
DAT;12.05.2014 07:52:00;1.376330;1.376490;1.376330;1.376430;1.376560;1.376700;1.376560;1.376680;80;80
DAT;12.05.2014 07:53:00;1.376430;1.376450;1.376420;1.376420;1.376680;1.376700;1.376620;1.376670;44;44
DAT;12.05.2014 07:54:00;1.376420;1.376490;1.376360;1.376430;1.376670;1.376720;1.376570;1.376680;75;75
DAT;12.05.2014 07:55:00;1.376430;1.376590;1.376430;1.376510;1.376680;1.376820;1.376680;1.376760;114;114
DAT;12.05.2014 07:56:00;1.376510;1.376510;1.376420;1.376430;1.376760;1.376760;1.376640;1.376660;43;43
DAT;12.05.2014 07:57:00;1.376430;1.376450;1.376430;1.376430;1.376660;1.376700;1.376660;1.376680;21;21
DAT;12.05.2014 07:58:00;1.376430;1.376580;1.376430;1.376540;1.376680;1.376830;1.376680;1.376770;66;66
DAT;12.05.2014 07:59:00;1.376540;1.376610;1.376450;1.376540;1.376770;1.376830;1.376690;1.376760;166;166
DAT;12.05.2014 08:00:00;1.376540;1.376600;1.376520;1.376600;1.376760;1.376850;1.376760;1.376840;99;99
DAT;12.05.2014 08:01:00;1.376600;1.376650;1.376550;1.376550;1.376840;1.376860;1.376780;1.376790;106;106
DAT;12.05.2014 08:02:00;1.376550;1.376580;1.376540;1.376540;1.376790;1.376820;1.376780;1.376790;46;46
DAT;12.05.2014 08:03:00;1.376540;1.376540;1.376410;1.376450;1.376790;1.376790;1.376650;1.376690;72;72
DAT;12.05.2014 08:04:00;1.376450;1.376580;1.376430;1.376560;1.376690;1.376810;1.376680;1.376800;57;57
DAT;12.05.2014 08:05:00;1.376560;1.376650;1.376540;1.376630;1.376800;1.376870;1.376780;1.376870;57;57
DAT;12.05.2014 08:06:00;1.376630;1.376630;1.376510;1.376530;1.376870;1.376870;1.376740;1.376770;60;60
DAT;12.05.2014 08:07:00;1.376530;1.376600;1.376510;1.376590;1.376770;1.376820;1.376750;1.376800;23;23
DAT;12.05.2014 08:08:00;1.376590;1.376600;1.376520;1.376520;1.376800;1.376840;1.376720;1.376750;45;45
DAT;12.05.2014 08:09:00;1.376520;1.376520;1.376490;1.376490;1.376750;1.376760;1.376740;1.376740;17;17
DAT;12.05.2014 08:10:00;1.376490;1.376530;1.376450;1.376490;1.376740;1.376750;1.376690;1.376740;66;66
DAT;12.05.2014 08:11:00;1.376490;1.376500;1.376480;1.376490;1.376740;1.376750;1.376700;1.376740;34;34
DAT;12.05.2014 08:12:00;1.376490;1.376530;1.376450;1.376510;1.376740;1.376760;1.376700;1.376750;56;56
DAT;12.05.2014 08:13:00;1.376510;1.376520;1.376470;1.376470;1.376750;1.376760;1.376700;1.376710;38;38
DAT;12.05.2014 08:14:00;1.376470;1.376470;1.376330;1.376390;1.376710;1.376710;1.376570;1.376630;129;129
DAT;12.05.2014 08:15:00;1.376390;1.376510;1.376320;1.376320;1.376630;1.376750;1.376550;1.376550;163;163
DAT;12.05.2014 08:16:00;1.376320;1.376410;1.376320;1.376410;1.376550;1.376650;1.376550;1.376640;125;125
DAT;12.05.2014 08:17:00;1.376410;1.376440;1.376400;1.376400;1.376640;1.376660;1.376630;1.376640;42;42
DAT;12.05.2014 08:18:00;1.376400;1.376420;1.376390;1.376410;1.376640;1.376650;1.376630;1.376640;24;24
DAT;12.05.2014 08:19:00;1.376410;1.376410;1.376320;1.376320;1.376640;1.376650;1.376540;1.376550;108;108
DAT;12.05.2014 08:20:00;1.376320;1.376380;1.376290;1.376340;1.376550;1.376620;1.376520;1.376570;193;193
DAT;12.05.2014 08:21:00;1.376340;1.376410;1.376340;1.376360;1.376570;1.376630;1.376570;1.376590;131;131
DAT;12.05.2014 08:22:00;1.376360;1.376440;1.376350;1.376420;1.376590;1.376670;1.376590;1.376660;82;82
DAT;12.05.2014 08:23:00;1.376420;1.376430;1.376350;1.376360;1.376660;1.376680;1.376580;1.376600;62;62
DAT;12.05.2014 08:24:00;1.376360;1.376450;1.376350;1.376440;1.376600;1.376680;1.376590;1.376680;47;47
DAT;12.05.2014 08:25:00;1.376440;1.376670;1.376430;1.376580;1.376680;1.376910;1.376680;1.376830;155;155
DAT;12.05.2014 08:26:00;1.376580;1.376670;1.376580;1.376620;1.376830;1.376900;1.376820;1.376860;44;44
DAT;12.05.2014 08:27:00;1.376620;1.376630;1.376580;1.376590;1.376860;1.376880;1.376800;1.376840;39;39
DAT;12.05.2014 08:28:00;1.376590;1.376680;1.376570;1.376660;1.376840;1.376930;1.376810;1.376910;75;75
DAT;12.05.2014 08:29:00;1.376660;1.376960;1.376660;1.376920;1.376910;1.377170;1.376910;1.377160;191;191
DAT;12.05.2014 08:30:00;1.376920;1.377040;1.376870;1.376960;1.377160;1.377270;1.377080;1.377200;246;246
DAT;12.05.2014 08:31:00;1.376960;1.377010;1.376960;1.377010;1.377200;1.377260;1.377200;1.377260;66;66
DAT;12.05.2014 08:32:00;1.377010;1.377030;1.376980;1.376980;1.377260;1.377260;1.377210;1.377230;44;44
